variable,count,mean,std,min,25%,50%,75%,max,original
dummy1,1000.0,5.707896819777653e-05,0.009368490782049356,-0.0291695362422217,-0.00629112199892915,-0.00021662154054345002,0.00667966118410045,0.0288234879519215,-0.0227554569570074
dummy2,1000.0,2.461189199026409e-05,0.010213279389780621,-0.0337620462015895,-0.006637502270927925,-2.1634252618696337e-05,0.007389611785737426,0.0335958977840356,0.0034969474692596
x1,1000.0,-0.005940151799832801,3.125340568471579,-10.207180179125857,-2.044900447800509,-0.03569583518849455,2.0237462976147396,28.206081526360983,28.206081526360983
x2,1000.0,0.41226814580556614,7.830666304921225,-19.12718869567765,-4.948612766577265,0.4144970453813275,5.3569829796550374,75.04913801659505,75.04913801659505
x3,1000.0,-0.02897609843010277,1.9126786750168379,-6.150736319254852,-1.2956700426095598,-0.0063717234808322,1.0845405897886637,17.7544974798488,17.7544974798488
